booking_id,data_startu,kurs,klient,email,cena,status
BW-3001,2026-02-04,Delfinki (7-9 lat),Ewa Lewandowski,ewa.lewandowski0@example.com,180,potwierdzona
BW-3002,2026-02-04,Żabki (4-6 lat),Paweł Wójcik,pawel.wojcik1@example.com,160,potwierdzona
BW-3003,2026-02-04,Dorośli początkujący,Michał Szymański,michal.szymanski2@example.com,220,potwierdzona
BW-3004,2026-02-01,Delfinki (7-9 lat),Filip Wójcik,filip.wojcik3@example.com,180,potwierdzona
BW-3005,2026-02-02,Dorośli doskonalący,Wojtek Jankowska,wojtek.jankowska4@example.com,220,potwierdzona
BW-3006,2026-02-06,Rekiny (10-12 lat),Karolina Nowak,karolina.nowak5@example.com,180,potwierdzona
BW-3007,2026-02-06,Delfinki (7-9 lat),Tomek Krawczyk,tomek.krawczyk7@example.com,180,potwierdzona
BW-3008,2026-02-04,Młodzież,Karolina Piotrowska,karolina.piotrowska8@example.com,200,potwierdzona
BW-3009,2026-02-05,Dorośli początkujący,Marek Kowalska,marek.kowalska10@example.com,220,potwierdzona
BW-3010,2026-02-01,Młodzież,Ewa Dąbrowska,ewa.dabrowska11@example.com,200,potwierdzona
BW-3011,2026-02-02,Delfinki (7-9 lat),Magda Wójcik,magda.wojcik12@example.com,180,potwierdzona
BW-3012,2026-02-01,Delfinki (7-9 lat),Kasia Kowalska,kasia.kowalska13@example.com,180,potwierdzona
BW-3013,2026-02-05,Młodzież,Wojtek Grabowski,wojtek.grabowski14@example.com,200,potwierdzona
BW-3014,2026-02-01,Dorośli początkujący,Filip Mazur,filip.mazur15@example.com,220,potwierdzona
BW-3015,2026-02-05,Dorośli doskonalący,Kasia Kowalska,kasia.kowalska16@example.com,220,potwierdzona
BW-3016,2026-02-02,Rekiny (10-12 lat),Magda Mazur,magda.mazur17@example.com,180,potwierdzona
BW-3017,2026-02-03,Dorośli początkujący,Kasia Kowalska,kasia.kowalska18@example.com,220,potwierdzona
BW-3018,2026-02-05,Żabki (4-6 lat),Natalia Piotrowska,natalia.piotrowska19@example.com,160,potwierdzona
BW-3019,2026-02-06,Rekiny (10-12 lat),Wojtek Kowalska,wojtek.kowalska20@example.com,180,potwierdzona
BW-3020,2026-02-06,Dorośli początkujący,Natalia Jankowska,natalia.jankowska21@example.com,220,potwierdzona
BW-3021,2026-02-01,Dorośli początkujący,Marek Lewandowski,marek.lewandowski22@example.com,220,potwierdzona
BW-3022,2026-02-04,Młodzież,Piotr Piotrowska,piotr.piotrowska23@example.com,200,potwierdzona
BW-3023,2026-02-01,Dorośli początkujący,Maja Kozłowski,maja.kozlowski24@example.com,220,potwierdzona
BW-3024,2026-02-04,Dorośli początkujący,Paweł Wójcik,pawel.wojcik25@example.com,220,potwierdzona
BW-3025,2026-02-06,Dorośli doskonalący,Adam Zielińska,adam.zielinska26@example.com,220,anulowana
BW-3026,2026-02-03,Młodzież,Ola Krawczyk,ola.krawczyk27@example.com,200,potwierdzona
BW-3027,2026-02-05,Żabki (4-6 lat),Anna Nowak,anna.nowak28@example.com,160,potwierdzona
BW-3028,2026-02-06,Młodzież,Bartek Krawczyk,bartek.krawczyk30@example.com,200,anulowana
BW-3029,2026-02-02,Dorośli początkujący,Marek Kamińska,marek.kaminska31@example.com,220,potwierdzona
BW-3030,2026-02-05,Młodzież,Maja Mazur,maja.mazur32@example.com,200,potwierdzona
BW-3031,2026-02-04,Młodzież,Piotr Jankowska,piotr.jankowska33@example.com,200,potwierdzona
BW-3032,2026-02-04,Rekiny (10-12 lat),Marek Wiśniewski,marek.wisniewski34@example.com,180,potwierdzona
BW-3033,2026-02-05,Rekiny (10-12 lat),Adam Grabowski,adam.grabowski36@example.com,180,potwierdzona
BW-3034,2026-02-01,Żabki (4-6 lat),Kuba Kozłowski,kuba.kozlowski37@example.com,160,potwierdzona
BW-3035,2026-02-06,Młodzież,Piotr Krawczyk,piotr.krawczyk38@example.com,200,potwierdzona
BW-3036,2026-02-03,Żabki (4-6 lat),Ola Krawczyk,ola.krawczyk39@example.com,160,potwierdzona
BW-3037,2026-02-03,Młodzież,Natalia Kowalska,natalia.kowalska41@example.com,200,potwierdzona
BW-3038,2026-02-03,Delfinki (7-9 lat),Adam Kowalska,adam.kowalska42@example.com,180,potwierdzona
BW-3039,2026-02-03,Delfinki (7-9 lat),Paweł Kamińska,pawel.kaminska43@example.com,180,potwierdzona
BW-3040,2026-02-05,Delfinki (7-9 lat),Kasia Wiśniewski,kasia.wisniewski44@example.com,180,potwierdzona
BW-3041,2026-02-06,Dorośli początkujący,Paweł Jankowska,pawel.jankowska46@example.com,220,potwierdzona
BW-3042,2026-02-03,Młodzież,Filip Zielińska,filip.zielinska48@example.com,200,potwierdzona
BW-3043,2026-02-03,Dorośli początkujący,Karolina Kamińska,karolina.kaminska49@example.com,220,potwierdzona
BW-3044,2026-02-05,Dorośli początkujący,Marek Szymański,marek.szymanski50@example.com,220,potwierdzona
BW-3045,2026-02-01,Dorośli początkujący,Kuba Kamińska,kuba.kaminska51@example.com,220,potwierdzona
BW-3046,2026-02-05,Młodzież,Ewa Kamińska,ewa.kaminska52@example.com,200,potwierdzona
BW-3047,2026-02-04,Dorośli początkujący,Magda Nowak,magda.nowak53@example.com,220,potwierdzona
BW-3048,2026-02-04,Delfinki (7-9 lat),Anna Mazur,anna.mazur55@example.com,180,potwierdzona
BW-3049,2026-02-05,Dorośli doskonalący,Anna Kowalska,anna.kowalska56@example.com,220,potwierdzona
BW-3050,2026-02-05,Delfinki (7-9 lat),Marek Dąbrowska,marek.dabrowska57@example.com,180,potwierdzona
BW-3051,2026-02-01,Młodzież,Kasia Krawczyk,kasia.krawczyk58@example.com,200,potwierdzona
BW-3052,2026-02-03,Dorośli doskonalący,Tomek Kowalska,tomek.kowalska59@example.com,220,potwierdzona
BW-3053,2026-03-01,Delfinki (7-9 lat),Ewa Lewandowski,ewa.lewandowski0@example.com,180,potwierdzona
BW-3054,2026-03-04,Żabki (4-6 lat),Paweł Wójcik,pawel.wojcik1@example.com,160,potwierdzona
BW-3055,2026-03-01,Dorośli początkujący,Michał Szymański,michal.szymanski2@example.com,220,potwierdzona
BW-3056,2026-03-03,Delfinki (7-9 lat),Filip Wójcik,filip.wojcik3@example.com,180,potwierdzona
BW-3057,2026-03-02,Młodzież,Anna Piotrowska,anna.piotrowska6@example.com,200,potwierdzona
BW-3058,2026-03-01,Delfinki (7-9 lat),Tomek Krawczyk,tomek.krawczyk7@example.com,180,potwierdzona
BW-3059,2026-03-06,Młodzież,Karolina Piotrowska,karolina.piotrowska8@example.com,200,potwierdzona
BW-3060,2026-03-06,Rekiny (10-12 lat),Tomek Lewandowski,tomek.lewandowski9@example.com,180,potwierdzona
BW-3061,2026-03-04,Dorośli początkujący,Marek Kowalska,marek.kowalska10@example.com,220,potwierdzona
BW-3062,2026-03-01,Młodzież,Ewa Dąbrowska,ewa.dabrowska11@example.com,200,potwierdzona
BW-3063,2026-03-03,Delfinki (7-9 lat),Magda Wójcik,magda.wojcik12@example.com,180,potwierdzona
BW-3064,2026-03-05,Delfinki (7-9 lat),Kasia Kowalska,kasia.kowalska13@example.com,180,potwierdzona
BW-3065,2026-03-03,Młodzież,Wojtek Grabowski,wojtek.grabowski14@example.com,200,potwierdzona
BW-3066,2026-03-06,Dorośli początkujący,Filip Mazur,filip.mazur15@example.com,220,potwierdzona
BW-3067,2026-03-05,Dorośli doskonalący,Kasia Kowalska,kasia.kowalska16@example.com,220,potwierdzona
BW-3068,2026-03-05,Dorośli początkujący,Kasia Kowalska,kasia.kowalska18@example.com,220,potwierdzona
BW-3069,2026-03-03,Żabki (4-6 lat),Natalia Piotrowska,natalia.piotrowska19@example.com,160,potwierdzona
BW-3070,2026-03-01,Rekiny (10-12 lat),Wojtek Kowalska,wojtek.kowalska20@example.com,180,potwierdzona
BW-3071,2026-03-04,Dorośli początkujący,Natalia Jankowska,natalia.jankowska21@example.com,220,potwierdzona
BW-3072,2026-03-02,Dorośli początkujący,Marek Lewandowski,marek.lewandowski22@example.com,220,potwierdzona
BW-3073,2026-03-06,Młodzież,Piotr Piotrowska,piotr.piotrowska23@example.com,200,potwierdzona
BW-3074,2026-03-04,Dorośli początkujący,Maja Kozłowski,maja.kozlowski24@example.com,220,potwierdzona
BW-3075,2026-03-06,Dorośli początkujący,Paweł Wójcik,pawel.wojcik25@example.com,220,potwierdzona
BW-3076,2026-03-05,Dorośli doskonalący,Adam Zielińska,adam.zielinska26@example.com,220,potwierdzona
BW-3077,2026-03-04,Żabki (4-6 lat),Anna Nowak,anna.nowak28@example.com,160,potwierdzona
BW-3078,2026-03-01,Żabki (4-6 lat),Adam Jankowska,adam.jankowska29@example.com,160,potwierdzona
BW-3079,2026-03-05,Młodzież,Bartek Krawczyk,bartek.krawczyk30@example.com,200,potwierdzona
BW-3080,2026-03-01,Dorośli początkujący,Marek Kamińska,marek.kaminska31@example.com,220,potwierdzona
BW-3081,2026-03-02,Młodzież,Maja Mazur,maja.mazur32@example.com,200,potwierdzona
BW-3082,2026-03-04,Młodzież,Piotr Jankowska,piotr.jankowska33@example.com,200,potwierdzona
BW-3083,2026-03-02,Rekiny (10-12 lat),Marek Wiśniewski,marek.wisniewski34@example.com,180,potwierdzona
BW-3084,2026-03-01,Żabki (4-6 lat),Karolina Kowalska,karolina.kowalska35@example.com,160,potwierdzona
BW-3085,2026-03-05,Rekiny (10-12 lat),Adam Grabowski,adam.grabowski36@example.com,180,potwierdzona
BW-3086,2026-03-04,Żabki (4-6 lat),Kuba Kozłowski,kuba.kozlowski37@example.com,160,potwierdzona
BW-3087,2026-03-01,Żabki (4-6 lat),Ola Krawczyk,ola.krawczyk39@example.com,160,anulowana
BW-3088,2026-03-03,Żabki (4-6 lat),Anna Wójcik,anna.wojcik40@example.com,160,anulowana
BW-3089,2026-03-05,Delfinki (7-9 lat),Adam Kowalska,adam.kowalska42@example.com,180,potwierdzona
BW-3090,2026-03-05,Delfinki (7-9 lat),Paweł Kamińska,pawel.kaminska43@example.com,180,potwierdzona
BW-3091,2026-03-04,Delfinki (7-9 lat),Kasia Wiśniewski,kasia.wisniewski44@example.com,180,potwierdzona
BW-3092,2026-03-04,Żabki (4-6 lat),Ola Nowak,ola.nowak45@example.com,160,potwierdzona
BW-3093,2026-03-05,Dorośli doskonalący,Julia Kozłowski,julia.kozlowski47@example.com,220,potwierdzona
BW-3094,2026-03-01,Dorośli początkujący,Karolina Kamińska,karolina.kaminska49@example.com,220,potwierdzona
BW-3095,2026-03-03,Dorośli początkujący,Kuba Kamińska,kuba.kaminska51@example.com,220,potwierdzona
BW-3096,2026-03-04,Młodzież,Ewa Kamińska,ewa.kaminska52@example.com,200,potwierdzona
BW-3097,2026-03-03,Dorośli początkujący,Magda Nowak,magda.nowak53@example.com,220,potwierdzona
BW-3098,2026-03-06,Żabki (4-6 lat),Adam Kowalska,adam.kowalska54@example.com,160,anulowana
BW-3099,2026-03-02,Dorośli doskonalący,Anna Kowalska,anna.kowalska56@example.com,220,potwierdzona
BW-3100,2026-03-06,Delfinki (7-9 lat),Marek Dąbrowska,marek.dabrowska57@example.com,180,potwierdzona
BW-3101,2026-03-04,Młodzież,Kasia Krawczyk,kasia.krawczyk58@example.com,200,potwierdzona
BW-3102,2026-03-04,Dorośli doskonalący,Tomek Kowalska,tomek.kowalska59@example.com,220,potwierdzona
BW-3103,2026-04-01,Delfinki (7-9 lat),Ewa Lewandowski,ewa.lewandowski0@example.com,180,potwierdzona
BW-3104,2026-04-02,Żabki (4-6 lat),Paweł Wójcik,pawel.wojcik1@example.com,160,potwierdzona
BW-3105,2026-04-02,Dorośli początkujący,Michał Szymański,michal.szymanski2@example.com,220,potwierdzona
BW-3106,2026-04-01,Delfinki (7-9 lat),Filip Wójcik,filip.wojcik3@example.com,180,potwierdzona
BW-3107,2026-04-01,Dorośli doskonalący,Wojtek Jankowska,wojtek.jankowska4@example.com,220,potwierdzona
BW-3108,2026-04-03,Rekiny (10-12 lat),Karolina Nowak,karolina.nowak5@example.com,180,anulowana
BW-3109,2026-04-05,Młodzież,Anna Piotrowska,anna.piotrowska6@example.com,200,potwierdzona
BW-3110,2026-04-05,Delfinki (7-9 lat),Tomek Krawczyk,tomek.krawczyk7@example.com,180,potwierdzona
BW-3111,2026-04-01,Młodzież,Karolina Piotrowska,karolina.piotrowska8@example.com,200,potwierdzona
BW-3112,2026-04-05,Rekiny (10-12 lat),Tomek Lewandowski,tomek.lewandowski9@example.com,180,potwierdzona
BW-3113,2026-04-04,Dorośli początkujący,Marek Kowalska,marek.kowalska10@example.com,220,potwierdzona
BW-3114,2026-04-01,Młodzież,Ewa Dąbrowska,ewa.dabrowska11@example.com,200,potwierdzona
BW-3115,2026-04-02,Delfinki (7-9 lat),Magda Wójcik,magda.wojcik12@example.com,180,anulowana
BW-3116,2026-04-01,Delfinki (7-9 lat),Kasia Kowalska,kasia.kowalska13@example.com,180,potwierdzona
BW-3117,2026-04-05,Młodzież,Wojtek Grabowski,wojtek.grabowski14@example.com,200,potwierdzona
BW-3118,2026-04-05,Dorośli początkujący,Filip Mazur,filip.mazur15@example.com,220,potwierdzona
BW-3119,2026-04-02,Dorośli doskonalący,Kasia Kowalska,kasia.kowalska16@example.com,220,potwierdzona
BW-3120,2026-04-06,Rekiny (10-12 lat),Magda Mazur,magda.mazur17@example.com,180,potwierdzona
BW-3121,2026-04-01,Dorośli początkujący,Kasia Kowalska,kasia.kowalska18@example.com,220,potwierdzona
BW-3122,2026-04-03,Żabki (4-6 lat),Natalia Piotrowska,natalia.piotrowska19@example.com,160,potwierdzona
BW-3123,2026-04-05,Rekiny (10-12 lat),Wojtek Kowalska,wojtek.kowalska20@example.com,180,potwierdzona
BW-3124,2026-04-01,Dorośli początkujący,Natalia Jankowska,natalia.jankowska21@example.com,220,potwierdzona
BW-3125,2026-04-04,Dorośli początkujący,Marek Lewandowski,marek.lewandowski22@example.com,220,potwierdzona
BW-3126,2026-04-06,Młodzież,Piotr Piotrowska,piotr.piotrowska23@example.com,200,potwierdzona
BW-3127,2026-04-02,Dorośli początkujący,Maja Kozłowski,maja.kozlowski24@example.com,220,potwierdzona
BW-3128,2026-04-01,Dorośli początkujący,Paweł Wójcik,pawel.wojcik25@example.com,220,potwierdzona
BW-3129,2026-04-04,Młodzież,Ola Krawczyk,ola.krawczyk27@example.com,200,potwierdzona
BW-3130,2026-04-01,Żabki (4-6 lat),Anna Nowak,anna.nowak28@example.com,160,potwierdzona
BW-3131,2026-04-06,Młodzież,Bartek Krawczyk,bartek.krawczyk30@example.com,200,potwierdzona
BW-3132,2026-04-06,Dorośli początkujący,Marek Kamińska,marek.kaminska31@example.com,220,anulowana
BW-3133,2026-04-02,Młodzież,Maja Mazur,maja.mazur32@example.com,200,potwierdzona
BW-3134,2026-04-05,Rekiny (10-12 lat),Marek Wiśniewski,marek.wisniewski34@example.com,180,anulowana
BW-3135,2026-04-03,Żabki (4-6 lat),Karolina Kowalska,karolina.kowalska35@example.com,160,potwierdzona
BW-3136,2026-04-06,Rekiny (10-12 lat),Adam Grabowski,adam.grabowski36@example.com,180,potwierdzona
BW-3137,2026-04-04,Żabki (4-6 lat),Kuba Kozłowski,kuba.kozlowski37@example.com,160,potwierdzona
BW-3138,2026-04-06,Młodzież,Piotr Krawczyk,piotr.krawczyk38@example.com,200,potwierdzona
BW-3139,2026-04-05,Żabki (4-6 lat),Ola Krawczyk,ola.krawczyk39@example.com,160,potwierdzona
BW-3140,2026-04-04,Żabki (4-6 lat),Anna Wójcik,anna.wojcik40@example.com,160,potwierdzona
BW-3141,2026-04-04,Młodzież,Natalia Kowalska,natalia.kowalska41@example.com,200,potwierdzona
BW-3142,2026-04-01,Delfinki (7-9 lat),Adam Kowalska,adam.kowalska42@example.com,180,potwierdzona
BW-3143,2026-04-06,Delfinki (7-9 lat),Paweł Kamińska,pawel.kaminska43@example.com,180,anulowana
BW-3144,2026-04-03,Delfinki (7-9 lat),Kasia Wiśniewski,kasia.wisniewski44@example.com,180,potwierdzona
BW-3145,2026-04-06,Dorośli początkujący,Paweł Jankowska,pawel.jankowska46@example.com,220,potwierdzona
BW-3146,2026-04-04,Młodzież,Filip Zielińska,filip.zielinska48@example.com,200,potwierdzona
BW-3147,2026-04-05,Dorośli początkujący,Karolina Kamińska,karolina.kaminska49@example.com,220,potwierdzona
BW-3148,2026-04-06,Dorośli początkujący,Marek Szymański,marek.szymanski50@example.com,220,potwierdzona
BW-3149,2026-04-02,Dorośli początkujący,Kuba Kamińska,kuba.kaminska51@example.com,220,potwierdzona
BW-3150,2026-04-01,Młodzież,Ewa Kamińska,ewa.kaminska52@example.com,200,potwierdzona
BW-3151,2026-04-02,Żabki (4-6 lat),Adam Kowalska,adam.kowalska54@example.com,160,potwierdzona
BW-3152,2026-04-04,Delfinki (7-9 lat),Anna Mazur,anna.mazur55@example.com,180,potwierdzona
BW-3153,2026-04-02,Dorośli doskonalący,Anna Kowalska,anna.kowalska56@example.com,220,potwierdzona
BW-3154,2026-04-05,Delfinki (7-9 lat),Marek Dąbrowska,marek.dabrowska57@example.com,180,potwierdzona
BW-3155,2026-04-04,Dorośli doskonalący,Tomek Kowalska,tomek.kowalska59@example.com,220,potwierdzona
BW-3156,2026-05-01,Delfinki (7-9 lat),Ewa Lewandowski,ewa.lewandowski0@example.com,180,potwierdzona
BW-3157,2026-05-05,Żabki (4-6 lat),Paweł Wójcik,pawel.wojcik1@example.com,160,potwierdzona
BW-3158,2026-05-06,Dorośli początkujący,Michał Szymański,michal.szymanski2@example.com,220,potwierdzona
BW-3159,2026-05-02,Delfinki (7-9 lat),Filip Wójcik,filip.wojcik3@example.com,180,potwierdzona
BW-3160,2026-05-01,Dorośli doskonalący,Wojtek Jankowska,wojtek.jankowska4@example.com,220,potwierdzona
BW-3161,2026-05-06,Rekiny (10-12 lat),Karolina Nowak,karolina.nowak5@example.com,180,potwierdzona
BW-3162,2026-05-02,Młodzież,Anna Piotrowska,anna.piotrowska6@example.com,200,potwierdzona
BW-3163,2026-05-06,Delfinki (7-9 lat),Tomek Krawczyk,tomek.krawczyk7@example.com,180,potwierdzona
BW-3164,2026-05-04,Młodzież,Karolina Piotrowska,karolina.piotrowska8@example.com,200,potwierdzona
BW-3165,2026-05-01,Rekiny (10-12 lat),Tomek Lewandowski,tomek.lewandowski9@example.com,180,potwierdzona
BW-3166,2026-05-04,Dorośli początkujący,Marek Kowalska,marek.kowalska10@example.com,220,potwierdzona
BW-3167,2026-05-06,Młodzież,Ewa Dąbrowska,ewa.dabrowska11@example.com,200,potwierdzona
BW-3168,2026-05-01,Delfinki (7-9 lat),Magda Wójcik,magda.wojcik12@example.com,180,potwierdzona
BW-3169,2026-05-06,Delfinki (7-9 lat),Kasia Kowalska,kasia.kowalska13@example.com,180,potwierdzona
BW-3170,2026-05-05,Młodzież,Wojtek Grabowski,wojtek.grabowski14@example.com,200,anulowana
BW-3171,2026-05-04,Dorośli początkujący,Filip Mazur,filip.mazur15@example.com,220,potwierdzona
BW-3172,2026-05-03,Dorośli doskonalący,Kasia Kowalska,kasia.kowalska16@example.com,220,potwierdzona
BW-3173,2026-05-03,Rekiny (10-12 lat),Magda Mazur,magda.mazur17@example.com,180,potwierdzona
BW-3174,2026-05-06,Dorośli początkujący,Kasia Kowalska,kasia.kowalska18@example.com,220,potwierdzona
BW-3175,2026-05-06,Żabki (4-6 lat),Natalia Piotrowska,natalia.piotrowska19@example.com,160,potwierdzona
BW-3176,2026-05-03,Rekiny (10-12 lat),Wojtek Kowalska,wojtek.kowalska20@example.com,180,potwierdzona
BW-3177,2026-05-04,Dorośli początkujący,Natalia Jankowska,natalia.jankowska21@example.com,220,anulowana
BW-3178,2026-05-02,Dorośli początkujący,Marek Lewandowski,marek.lewandowski22@example.com,220,potwierdzona
BW-3179,2026-05-06,Młodzież,Piotr Piotrowska,piotr.piotrowska23@example.com,200,potwierdzona
BW-3180,2026-05-01,Dorośli początkujący,Maja Kozłowski,maja.kozlowski24@example.com,220,potwierdzona
BW-3181,2026-05-05,Dorośli początkujący,Paweł Wójcik,pawel.wojcik25@example.com,220,anulowana
BW-3182,2026-05-02,Dorośli doskonalący,Adam Zielińska,adam.zielinska26@example.com,220,potwierdzona
BW-3183,2026-05-02,Młodzież,Ola Krawczyk,ola.krawczyk27@example.com,200,potwierdzona
BW-3184,2026-05-03,Żabki (4-6 lat),Anna Nowak,anna.nowak28@example.com,160,potwierdzona
BW-3185,2026-05-05,Żabki (4-6 lat),Adam Jankowska,adam.jankowska29@example.com,160,potwierdzona
BW-3186,2026-05-04,Młodzież,Bartek Krawczyk,bartek.krawczyk30@example.com,200,potwierdzona
BW-3187,2026-05-01,Dorośli początkujący,Marek Kamińska,marek.kaminska31@example.com,220,potwierdzona
BW-3188,2026-05-05,Młodzież,Maja Mazur,maja.mazur32@example.com,200,potwierdzona
BW-3189,2026-05-06,Młodzież,Piotr Jankowska,piotr.jankowska33@example.com,200,potwierdzona
BW-3190,2026-05-04,Rekiny (10-12 lat),Marek Wiśniewski,marek.wisniewski34@example.com,180,potwierdzona
BW-3191,2026-05-03,Żabki (4-6 lat),Karolina Kowalska,karolina.kowalska35@example.com,160,potwierdzona
BW-3192,2026-05-06,Rekiny (10-12 lat),Adam Grabowski,adam.grabowski36@example.com,180,potwierdzona
BW-3193,2026-05-01,Żabki (4-6 lat),Kuba Kozłowski,kuba.kozlowski37@example.com,160,potwierdzona
BW-3194,2026-05-03,Młodzież,Piotr Krawczyk,piotr.krawczyk38@example.com,200,potwierdzona
BW-3195,2026-05-02,Żabki (4-6 lat),Ola Krawczyk,ola.krawczyk39@example.com,160,potwierdzona
BW-3196,2026-05-06,Młodzież,Natalia Kowalska,natalia.kowalska41@example.com,200,potwierdzona
BW-3197,2026-05-01,Delfinki (7-9 lat),Paweł Kamińska,pawel.kaminska43@example.com,180,potwierdzona
BW-3198,2026-05-02,Żabki (4-6 lat),Ola Nowak,ola.nowak45@example.com,160,potwierdzona
BW-3199,2026-05-04,Dorośli początkujący,Paweł Jankowska,pawel.jankowska46@example.com,220,potwierdzona
BW-3200,2026-05-02,Dorośli doskonalący,Julia Kozłowski,julia.kozlowski47@example.com,220,potwierdzona
BW-3201,2026-05-04,Młodzież,Filip Zielińska,filip.zielinska48@example.com,200,potwierdzona
BW-3202,2026-05-03,Dorośli początkujący,Karolina Kamińska,karolina.kaminska49@example.com,220,potwierdzona
BW-3203,2026-05-05,Dorośli początkujący,Marek Szymański,marek.szymanski50@example.com,220,potwierdzona
BW-3204,2026-05-05,Dorośli początkujący,Kuba Kamińska,kuba.kaminska51@example.com,220,potwierdzona
BW-3205,2026-05-05,Młodzież,Ewa Kamińska,ewa.kaminska52@example.com,200,potwierdzona
BW-3206,2026-05-04,Dorośli początkujący,Magda Nowak,magda.nowak53@example.com,220,potwierdzona
BW-3207,2026-05-06,Żabki (4-6 lat),Adam Kowalska,adam.kowalska54@example.com,160,potwierdzona
BW-3208,2026-05-03,Delfinki (7-9 lat),Anna Mazur,anna.mazur55@example.com,180,potwierdzona
BW-3209,2026-05-02,Dorośli doskonalący,Anna Kowalska,anna.kowalska56@example.com,220,potwierdzona
BW-3210,2026-05-05,Delfinki (7-9 lat),Marek Dąbrowska,marek.dabrowska57@example.com,180,potwierdzona
BW-3211,2026-05-06,Młodzież,Kasia Krawczyk,kasia.krawczyk58@example.com,200,potwierdzona
BW-3212,2026-05-05,Dorośli doskonalący,Tomek Kowalska,tomek.kowalska59@example.com,220,potwierdzona
BW-3213,2026-06-06,Delfinki (7-9 lat),Ewa Lewandowski,ewa.lewandowski0@example.com,180,potwierdzona
BW-3214,2026-06-02,Żabki (4-6 lat),Paweł Wójcik,pawel.wojcik1@example.com,160,potwierdzona
BW-3215,2026-06-02,Dorośli początkujący,Michał Szymański,michal.szymanski2@example.com,220,potwierdzona
BW-3216,2026-06-03,Delfinki (7-9 lat),Filip Wójcik,filip.wojcik3@example.com,180,potwierdzona
BW-3217,2026-06-04,Dorośli doskonalący,Wojtek Jankowska,wojtek.jankowska4@example.com,220,potwierdzona
BW-3218,2026-06-03,Rekiny (10-12 lat),Karolina Nowak,karolina.nowak5@example.com,180,potwierdzona
BW-3219,2026-06-04,Delfinki (7-9 lat),Tomek Krawczyk,tomek.krawczyk7@example.com,180,potwierdzona
BW-3220,2026-06-05,Młodzież,Karolina Piotrowska,karolina.piotrowska8@example.com,200,anulowana
BW-3221,2026-06-06,Rekiny (10-12 lat),Tomek Lewandowski,tomek.lewandowski9@example.com,180,potwierdzona
BW-3222,2026-06-03,Dorośli początkujący,Marek Kowalska,marek.kowalska10@example.com,220,potwierdzona
BW-3223,2026-06-02,Młodzież,Ewa Dąbrowska,ewa.dabrowska11@example.com,200,potwierdzona
BW-3224,2026-06-01,Delfinki (7-9 lat),Magda Wójcik,magda.wojcik12@example.com,180,potwierdzona
BW-3225,2026-06-04,Delfinki (7-9 lat),Kasia Kowalska,kasia.kowalska13@example.com,180,potwierdzona
BW-3226,2026-06-05,Młodzież,Wojtek Grabowski,wojtek.grabowski14@example.com,200,potwierdzona
BW-3227,2026-06-02,Dorośli początkujący,Filip Mazur,filip.mazur15@example.com,220,anulowana
BW-3228,2026-06-04,Dorośli doskonalący,Kasia Kowalska,kasia.kowalska16@example.com,220,potwierdzona
BW-3229,2026-06-01,Rekiny (10-12 lat),Magda Mazur,magda.mazur17@example.com,180,potwierdzona
BW-3230,2026-06-05,Dorośli początkujący,Kasia Kowalska,kasia.kowalska18@example.com,220,potwierdzona
BW-3231,2026-06-03,Rekiny (10-12 lat),Wojtek Kowalska,wojtek.kowalska20@example.com,180,potwierdzona
BW-3232,2026-06-04,Dorośli początkujący,Natalia Jankowska,natalia.jankowska21@example.com,220,potwierdzona
BW-3233,2026-06-03,Młodzież,Piotr Piotrowska,piotr.piotrowska23@example.com,200,potwierdzona
BW-3234,2026-06-05,Dorośli początkujący,Paweł Wójcik,pawel.wojcik25@example.com,220,anulowana
BW-3235,2026-06-03,Dorośli doskonalący,Adam Zielińska,adam.zielinska26@example.com,220,potwierdzona
BW-3236,2026-06-03,Żabki (4-6 lat),Anna Nowak,anna.nowak28@example.com,160,potwierdzona
BW-3237,2026-06-01,Młodzież,Bartek Krawczyk,bartek.krawczyk30@example.com,200,potwierdzona
BW-3238,2026-06-02,Młodzież,Maja Mazur,maja.mazur32@example.com,200,potwierdzona
BW-3239,2026-06-01,Młodzież,Piotr Jankowska,piotr.jankowska33@example.com,200,potwierdzona
BW-3240,2026-06-04,Żabki (4-6 lat),Karolina Kowalska,karolina.kowalska35@example.com,160,potwierdzona
BW-3241,2026-06-03,Rekiny (10-12 lat),Adam Grabowski,adam.grabowski36@example.com,180,potwierdzona
BW-3242,2026-06-03,Żabki (4-6 lat),Kuba Kozłowski,kuba.kozlowski37@example.com,160,potwierdzona
BW-3243,2026-06-03,Żabki (4-6 lat),Ola Krawczyk,ola.krawczyk39@example.com,160,potwierdzona
BW-3244,2026-06-01,Żabki (4-6 lat),Anna Wójcik,anna.wojcik40@example.com,160,potwierdzona
BW-3245,2026-06-01,Młodzież,Natalia Kowalska,natalia.kowalska41@example.com,200,potwierdzona
BW-3246,2026-06-06,Delfinki (7-9 lat),Adam Kowalska,adam.kowalska42@example.com,180,potwierdzona
BW-3247,2026-06-06,Delfinki (7-9 lat),Kasia Wiśniewski,kasia.wisniewski44@example.com,180,potwierdzona
BW-3248,2026-06-03,Żabki (4-6 lat),Ola Nowak,ola.nowak45@example.com,160,potwierdzona
BW-3249,2026-06-03,Dorośli początkujący,Paweł Jankowska,pawel.jankowska46@example.com,220,potwierdzona
BW-3250,2026-06-01,Młodzież,Filip Zielińska,filip.zielinska48@example.com,200,potwierdzona
BW-3251,2026-06-02,Dorośli początkujący,Karolina Kamińska,karolina.kaminska49@example.com,220,potwierdzona
BW-3252,2026-06-02,Dorośli początkujący,Marek Szymański,marek.szymanski50@example.com,220,potwierdzona
BW-3253,2026-06-06,Dorośli początkujący,Kuba Kamińska,kuba.kaminska51@example.com,220,potwierdzona
BW-3254,2026-06-04,Młodzież,Ewa Kamińska,ewa.kaminska52@example.com,200,potwierdzona
BW-3255,2026-06-05,Dorośli początkujący,Magda Nowak,magda.nowak53@example.com,220,potwierdzona
BW-3256,2026-06-01,Żabki (4-6 lat),Adam Kowalska,adam.kowalska54@example.com,160,potwierdzona
BW-3257,2026-06-06,Delfinki (7-9 lat),Anna Mazur,anna.mazur55@example.com,180,potwierdzona
BW-3258,2026-06-06,Dorośli doskonalący,Anna Kowalska,anna.kowalska56@example.com,220,potwierdzona
BW-3259,2026-06-02,Delfinki (7-9 lat),Marek Dąbrowska,marek.dabrowska57@example.com,180,potwierdzona
BW-3260,2026-06-02,Młodzież,Kasia Krawczyk,kasia.krawczyk58@example.com,200,potwierdzona
BW-3261,2026-06-06,Dorośli doskonalący,Tomek Kowalska,tomek.kowalska59@example.com,220,potwierdzona
